<?xml version="1.0" encoding="UTF-8"  ?>
<!-- Created with iReport - A designer for JasperReports -->
<!DOCTYPE jasperReport PUBLIC "//JasperReports//DTD Report Design//EN" "http://jasperreports.sourceforge.net/dtds/jasperreport.dtd">
<jasperReport
		 name="EnvelopReport"
		 columnCount="1"
		 printOrder="Vertical"
		 orientation="Landscape"
		 pageWidth="842"
		 pageHeight="595"
		 columnWidth="566"
		 columnSpacing="0"
		 leftMargin="238"
		 rightMargin="30"
		 topMargin="20"
		 bottomMargin="20"
		 whenNoDataType="NoPages"
		 isTitleNewPage="false"
		 isSummaryNewPage="false">
	<parameter name="SenderAddress" isForPrompting="false" class="java.lang.String">
		<parameterDescription><![CDATA[Address of sender]]></parameterDescription>
		<defaultValueExpression ><![CDATA[""]]></defaultValueExpression>
	</parameter>
	<parameter name="ReceiverAddress" isForPrompting="false" class="java.lang.String">
		<parameterDescription><![CDATA[Address of receiver]]></parameterDescription>
		<defaultValueExpression ><![CDATA["???"]]></defaultValueExpression>
	</parameter>
		<background>
			<band height="0"  isSplitAllowed="true" >
			</band>
		</background>
		<title>
			<band height="0"  isSplitAllowed="true" >
			</band>
		</title>
		<pageHeader>
			<band height="0"  isSplitAllowed="true" >
			</band>
		</pageHeader>
		<columnHeader>
			<band height="0"  isSplitAllowed="true" >
			</band>
		</columnHeader>
		<detail>
			<band height="330"  isSplitAllowed="true" >
				<textField isStretchWithOverflow="true" pattern="" isBlankWhenNull="true" evaluationTime="Now" hyperlinkType="None" >					<reportElement
						mode="Opaque"
						x="0"
						y="0"
						width="168"
						height="112"
						forecolor="#000000"
						backcolor="#FFFFFF"
						positionType="FixRelativeToTop"
						isPrintRepeatedValues="true"
						isRemoveLineWhenBlank="false"
						isPrintInFirstWholeBand="false"
						isPrintWhenDetailOverflows="false"/>
					<textElement textAlignment="Left" verticalAlignment="Top" lineSpacing="Single">
						<font fontName="SansSerif" pdfFontName="Helvetica" size="12" isBold="false" isItalic="false" isUnderline="false" isPdfEmbedded ="false" pdfEncoding ="CP1252" isStrikeThrough="false" />
					</textElement>
				<textFieldExpression   class="java.lang.String"><![CDATA[$P{SenderAddress}]]></textFieldExpression>
				</textField>
				<textField isStretchWithOverflow="true" pattern="" isBlankWhenNull="true" evaluationTime="Now" hyperlinkType="None" >					<reportElement
						mode="Opaque"
						x="191"
						y="119"
						width="340"
						height="112"
						forecolor="#000000"
						backcolor="#FFFFFF"
						positionType="FixRelativeToTop"
						isPrintRepeatedValues="true"
						isRemoveLineWhenBlank="false"
						isPrintInFirstWholeBand="false"
						isPrintWhenDetailOverflows="false"/>
					<textElement textAlignment="Left" verticalAlignment="Top" lineSpacing="Single">
						<font fontName="SansSerif" pdfFontName="Helvetica" size="12" isBold="false" isItalic="false" isUnderline="false" isPdfEmbedded ="false" pdfEncoding ="CP1252" isStrikeThrough="false" />
					</textElement>
				<textFieldExpression   class="java.lang.String"><![CDATA[$P{ReceiverAddress}]]></textFieldExpression>
				</textField>
			</band>
		</detail>
		<columnFooter>
			<band height="0"  isSplitAllowed="true" >
			</band>
		</columnFooter>
		<pageFooter>
			<band height="0"  isSplitAllowed="true" >
			</band>
		</pageFooter>
		<summary>
			<band height="0"  isSplitAllowed="true" >
			</band>
		</summary>
</jasperReport>
