<?xml version="1.0"?>

<project basedir="." name="tsclient" default="echo">

    <!-- 
    Each java target requires following:
            <sysproperty key="java.class.path" value="${classpath}"/>
    This sets system property java.class.path which is required by class util.Configuration
    -->

    <!-- 
    Structure of distribution folder.
    Distribution folder is created outside the development folder.
    ===========================================================
    TSclientDist
        TSclient
            bin
            doc
            lib
            log
            resource
        TSclientData
            database
            log
    ===========================================================

    Folder TSclientDist will be packaged into a jar file with name tsclient-<version_number>
    Jar file is placed in folder TSclientDist.
    -->

    <property name="version" value="1.1.1"/>
    <property name="classes.dir" value="build/classes"/>
    <property name="src.dir" value="src"/>
    <property name="dist.dir" value="../TSclientDist"/>
    <property name="dist.tsclient.dir" value="${dist.dir}/binary/TSclient"/>
    <property name="dist.tsclientdata.dir" value="${dist.dir}/binary/TSclientData"/>
    <property name="dist.tsclientsource.dir" value="${dist.dir}/source/TSclient"/>
    <property name="sourceforge.dir" value="../TSclient.sourceforge"/>
    <property name="sql.dir" value="${basedir}/sql"/>
    <property name="database.dir" value="../TSclientData/database"/>

    <!-- Build classpath -->
    <path id="classpath.id">
            <pathelement location="build/classes"/>
            <path>
                    <fileset dir="lib">
                            <include  name="**/*.jar"/>
                    </fileset>
            </path>
    </path>

    <property name="classpath"  refid="classpath.id"/>
	
    <target name="echo" description="Echo variables">
            <echoproperties/>
    </target>

    <target name="init">
            <tstamp></tstamp>
    </target>

    <target name="deleteTablesDebug" depends="init" description="Delete all tables">
            <java classname="nz.co.transparent.client.util.DeleteTables" fork="true">
                <jvmarg value="-Dclient.dir=${basedir}"/>
                <jvmarg value="-Xdebug"/>    
                <jvmarg value="-Xrunjdwp:transport=dt_socket,address=8000,server=y,suspend=y"/>    
                <classpath path="${classpath}" />
                <sysproperty key="java.class.path" value="${classpath}"/>
            </java>
    </target>

    <target name="deleteTables" depends="init" description="Delete all tables">
            <java classname="nz.co.transparent.client.util.DeleteTables" fork="true">
                <!--<jvmarg value="-Dclient.dir=${basedir}"/>-->
                <classpath path="${classpath}" />
                <sysproperty key="java.class.path" value="${classpath}"/>
            </java>
    </target>

    <target name="createTables" depends="init, deleteTables" description="Create tables">
            <java classname="nz.co.transparent.client.util.ProcessSQL"> 
                    <classpath path="${classpath}" />
                    <arg value="/${sql.dir}/CreateTables.sql"/>
                    <sysproperty key="java.class.path" value="${classpath}"/>
            </java>
    </target>

    <target name="createData" depends="init" description="Create core data">
            <java classname="nz.co.transparent.client.util.ProcessSQL"> 
                    <classpath path="${classpath}" />
                    <arg value="/${sql.dir}/CreateData.sql"/>
                    <sysproperty key="java.class.path" value="${classpath}"/>
            </java>
    </target>

    <target name="createTestData" depends="createTables" description="Create test data using CreateTestData.sql">
        <java classname="nz.co.transparent.client.util.ProcessSQL"> 
            <classpath path="${classpath}" />
            <arg value="/${sql.dir}/CreateTestData.sql"/>
            <sysproperty key="java.class.path" value="${classpath}"/>
        </java>
    </target>

    <target name="processUniqueKeyDebug" depends="init" description="Set unique PK to last value for all tables">
        <java classname="nz.co.transparent.client.util.ProcessUniqueKey" fork="true"> 
            <jvmarg value="-Xdebug"/>    
            <jvmarg value="-Xrunjdwp:transport=dt_socket,address=8000,server=y,suspend=y"/>    
            <classpath path="${classpath}" />
            <sysproperty key="java.class.path" value="${classpath}"/>
        </java>
    </target>

    <target name="processUniqueKey" depends="init" description="Set unique PK to last value for all tables">
        <java classname="nz.co.transparent.client.util.ProcessUniqueKey"> 
            <classpath path="${classpath}" />
            <sysproperty key="java.class.path" value="${classpath}"/>
        </java>
    </target>

    <target name="createConstraints" depends="init" description="Create integrity constraints">
            <java classname="nz.co.transparent.client.util.ProcessSQL"> 
                    <classpath path="${classpath}" />
                    <arg value="/${sql.dir}/CreateConstraints.sql"/>
                    <sysproperty key="java.class.path" value="${classpath}"/>
            </java>
    </target>

    <target name="createProductionDatabase" depends="createTables, createData, processUniqueKey, createConstraints" description="Create production database with tables, constraints and core data">
            <echo message="Database restored"/>
    </target>

    <target name="createDemoDatabase" depends="createTables, createData, createTestData, processUniqueKey, createConstraints" description="Create demo database for deployment with tables, constraints, core and test data">
            <echo message="Database restored"/>
    </target>

    <target name="compileProject" description="Compile project">
            <javac destdir="${classes.dir}" srcdir="${src.dir}">
                    <classpath path="${classpath}"></classpath>
            </javac>
    </target>

    <target name="createDistributionZip">
        <delete file="${dist.dir}/tsclient-${version}.zip"/>
        <delete file="${dist.dir}/tsclient-source-${version}.zip"/>
        <zip destfile="${dist.dir}/tsclient-${version}.zip"  
            basedir="${dist.dir}/binary">
        </zip>
        <zip destfile="${dist.dir}/tsclient-source-${version}.zip"  
            basedir="${dist.dir}/source">
        </zip>
    </target>

    <target name="createDistribution" 
            description="Main target to create distribution ZIP file"
            depends="compileProject, createDemoDatabase, createDistributionDir, createClassesJar, copyDistributionFiles, createDistributionZip">
            <echo  message="createDistribution ready !"></echo>
    </target>

    <target name="createDistributionDir">
            <delete dir="${dist.dir}"/>
            <mkdir dir="${dist.dir}"/>
    </target>

    <target name="createClassesJar" 
            description="Create JAR from TSclient classes"
            depends="compileProject">
            <delete file="${dist.tsclient.dir}/lib/tsclient.jar"/>
            <mkdir dir="${dist.tsclient.dir}/lib"/>
            <jar destfile="${dist.tsclient.dir}/lib/tsclient.jar" 
                    basedir="${classes.dir}" 
                    update="false" 
                    excludes="**/test/**"
                    >
                <manifest>
                  <attribute name="Built-By" value="${user.name}"/>
                  <attribute name="Main-Class" value="nz.co.transparent.gui.PersonLoginForm"/>
                </manifest>   			
            </jar>
    </target>

    <target name="copyDistributionFiles" description="Copy files to distribution folder">
        <antcall target="copyBinaryDistributionFiles"/>
        <antcall target="copySourceDistributionFiles"/>
    </target>
    
    <target name="copyBinaryDistributionFiles" description="Copy files to binary distribution folder">
            <copy todir="${dist.tsclient.dir}/lib">
                    <fileset dir="lib">
                            <include name="**/*.jar"/>
                    </fileset>
            </copy>	
            <copy todir="${dist.tsclient.dir}/bin">
                    <fileset dir="bin">
                    </fileset>
            </copy>
            <copy todir="${dist.tsclient.dir}/doc">
                    <fileset dir="doc">
                    </fileset>
            </copy>
            <mkdir dir="${dist.tsclient.dir}/log"/>
            <copy todir="${dist.tsclient.dir}/resource">
                    <fileset dir="resource">
                    </fileset>
            </copy>
            <copy todir="${dist.tsclient.dir}/service">
                    <fileset dir="service">
                    </fileset>
            </copy>
            <copy todir="${dist.tsclient.dir}/sql">
                    <fileset dir="sql">
                    </fileset>
            </copy>
            <copy todir="${dist.tsclientdata.dir}">
                    <fileset dir="../TSclientData">
                    </fileset>
            </copy>
            <delete file="${dist.tsclientdata.dir}/log/debug.log"/>
            <copy 
                    file="${dist.tsclient.dir}/resource/config.properties.dist"  
                    tofile="${dist.tsclient.dir}/resource/config.properties"
                    overwrite="true"
            />
            <delete file="${dist.tsclient.dir}/resource/config.properties.dist"/>
    </target>

    <target name="copySourceDistributionFiles" description="Copy files to source distribution folder">
            <copy todir="${dist.tsclientsource.dir}/">
                    <fileset  dir="${basedir}">
                        <include name="*.xml"/>
                    </fileset>
            </copy>
            <copy todir="${dist.tsclientsource.dir}/doc">
                    <fileset dir="doc"/>
            </copy>
            <copy todir="${dist.tsclientsource.dir}/nbproject">
                    <fileset dir="nbproject"/>
            </copy>
            <copy todir="${dist.tsclientsource.dir}/resource">
                    <fileset dir="resource"/>
            </copy>
            <copy todir="${dist.tsclientsource.dir}/src">
                    <fileset dir="src"/>
            </copy>
            <copy todir="${dist.tsclientsource.dir}/test">
                    <fileset dir="test"/>
            </copy>
    </target>
</project>